Tour Title,Tour URL,Opinion Count,Image Count,Rating,Excelente,Muy bueno,Promedio,Mala,Horrible
Tour de día completo a la montaña de colores Palccoyo,https://www.tripadvisor.com.pe/AttractionProductReview-g294314-d28097184-Full_Day_Palccoyo_Rainbow_Mountain_Tour-Cusco_Cusco_Region.html,No disponible,6,No disponible,0,0,0,0,0
Cusco City Tour Cuatro Ruinas Tour de medio día,https://www.tripadvisor.com.pe/AttractionProductReview-g294314-d17813636-Cusco_City_Tour_Four_Ruins_Half_Day_Tour-Cusco_Cusco_Region.html,234,328,5.0,223,6,3,1,1
Excursion de un dia a Machu Picchu desde Cusco,https://www.tripadvisor.com.pe/AttractionProductReview-g294314-d19768959-Full_Day_Tour_to_Machu_Picchu_from_Cusco-Cusco_Cusco_Region.html,386,577,5.0,375,6,2,3,0
Valle Sagrado de los Inkas 7 lugares Tour Full Day,https://www.tripadvisor.com.pe/AttractionProductReview-g294314-d19907769-Sacred_valley_of_the_Inkas_7_places_Full_Day_Tour-Cusco_Cusco_Region.html,142,323,5.0,122,13,2,2,3
Montaña Arcoíris en un día desde Cusco,https://www.tripadvisor.com.pe/AttractionProductReview-g294314-d12317796-Rainbow_Mountain_in_One_Day_from_Cusco-Cusco_Cusco_Region.html,430,646,4.5,354,49,12,6,9
Excursión a la Laguna Humantay Full Day desde Cusco,https://www.tripadvisor.com.pe/AttractionProductReview-g294314-d17476015-Excursion_to_Humantay_Lake_Full_Day_from_Cusco-Cusco_Cusco_Region.html,1098,"1,201",5.0,"1,033",50,8,3,4
Excursión de 2 días: Valle sagrado y Machu Picchu en tren,https://www.tripadvisor.com.pe/AttractionProductReview-g294314-d12468336-2_Day_Tour_Sacred_Valley_and_Machu_Picchu_by_Train-Cusco_Cusco_Region.html,701,"1,074",5.0,670,19,8,2,2
Machu Picchu full day Tour,https://www.tripadvisor.com.pe/AttractionProductReview-g294314-d17686696-Machu_Picchu_full_day_Tour-Cusco_Cusco_Region.html,160,292,5.0,148,10,1,0,1
Excursión de un día a Machu Picchu desde Cusco,https://www.tripadvisor.com.pe/AttractionProductReview-g294314-d17775138-Day_Trip_Tour_to_Machu_Picchu_from_Cusco-Cusco_Cusco_Region.html,407,412,5.0,367,17,6,3,14
"Clases de cocina peruana, cócteles y mercado en Cusco",https://www.tripadvisor.com.pe/AttractionProductReview-g294314-d25466627-Peruvian_Cooking_Class_Cocktails_and_Market_in_Cusco-Cusco_Cusco_Region.html,706,"1,299",5.0,693,12,1,0,0
Tour en Cuatrimotos a Moray y Minas de Sal en el Valle Sagrado,https://www.tripadvisor.com.pe/AttractionProductReview-g294314-d23939096-Quad_Bike_Tour_To_Moray_and_Salt_Mines_in_Sacred_Valley-Cusco_Cusco_Region.html,110,149,4.5,96,6,4,0,4
Excursión de día completo a la montaña Arcoíris (excursión en grupo),https://www.tripadvisor.com.pe/AttractionProductReview-g294314-d15040510-Excursion_to_Rainbow_Mountain_Full_Day-Cusco_Cusco_Region.html,1441,"1,469",5.0,"1,355",68,11,4,3
"El mejor tour al Valle Sagrado: 1 día de historia, estilo de vida y paisajes incas",https://www.tripadvisor.com.pe/AttractionProductReview-g294314-d15304640-The_Ultimate_Sacred_Valley_tour_1_day_of_Inca_history_lifestyle_landscapes-Cusco_C.html,440,696,5.0,422,14,0,0,4
Excursión a Machu Picchu de Un Día desde Cusco,https://www.tripadvisor.com.pe/AttractionProductReview-g294314-d11451089-Machu_Picchu_Day_Trip_from_Cusco-Cusco_Cusco_Region.html,395,439,4.5,294,51,24,11,15
Camino Inca a Machu Picchu: Aventura de 4 días con tren panorámico,https://www.tripadvisor.com.pe/AttractionProductReview-g294314-d13540108-Inca_Trail_to_Machu_Picchu_4_Day_Adventure_with_Panoramic_Train-Cusco_Cusco_Region.html,3922,"5,500",5.0,"3,886",24,4,2,6
Tour de 4 Días al Parque Nacional del Manu,https://www.tripadvisor.com.pe/AttractionProductReview-g294314-d26336893-4_Day_Tour_to_the_Manu_National_Park-Cusco_Cusco_Region.html,64,185,5.0,57,6,0,0,1
Visita Guiada a la Ciudad de Cusco,https://www.tripadvisor.com.pe/AttractionProductReview-g294314-d27759571-Guided_Tour_of_the_City_of_Cusco-Cusco_Cusco_Region.html,No disponible,19,No disponible,0,0,0,0,0
"Taller de chocolate ""del grano a la tableta"" en el ChocoMuseo de Cuzco",https://www.tripadvisor.com.pe/AttractionProductReview-g294314-d11994945-Bean_to_Bar_Chocolate_Workshop_in_ChocoMuseo_Cusco-Cusco_Cusco_Region.html,190,175,5.0,167,11,5,6,1
Clase completamente práctica de cocina peruana de alto nivel y visita guiada al mercado de San Pedro,https://www.tripadvisor.com.pe/AttractionProductReview-g294314-d13906692-Fully_hands_on_High_End_Peruvian_Cooking_Class_San_Pedro_Market_Guided_Visit-Cusco.html,324,580,5.0,319,3,1,0,1
Montaña Arcoíris Revelada: Salida Exclusiva 08:00 am,https://www.tripadvisor.com.pe/AttractionProductReview-g294314-d17335311-Rainbow_Mountain_Revealed_Exclusive_08_00_am_Departure-Cusco_Cusco_Region.html,251,352,5.0,243,6,1,1,0
Tour de mercado y clase de cocina tradicional peruana en Cusco,https://www.tripadvisor.com.pe/AttractionProductReview-g294314-d17846503-Market_Tour_Traditional_Peruvian_Cooking_Class_in_Cusco-Cusco_Cusco_Region.html,222,417,5.0,213,1,6,2,0
"Excursión en vehículo todoterreno a Moray, Maras y Salar en el Valle Sagrado desde Cuzco",https://www.tripadvisor.com.pe/AttractionProductReview-g294314-d11477506-ATV_Tour_to_Moray_Maras_Salt_Mines_the_Sacred_Valley_from_Cusco-Cusco_Cusco_Region.html,265,338,4.5,190,52,12,7,4
Camino Inca Corto a Machu Picchu 2D / 1N,https://www.tripadvisor.com.pe/AttractionProductReview-g294314-d23813988-Short_Inca_Trail_to_Machu_Picchu_2D_1N-Cusco_Cusco_Region.html,2010,"3,013",5.0,"1,992",15,2,0,1
City Tour Cusco,https://www.tripadvisor.com.pe/AttractionProductReview-g294314-d15778409-City_Tour_Cusco-Cusco_Cusco_Region.html,87,165,5.0,82,5,0,0,0
Tour de 2 días desde Cusco: Valle Sagrado y Machu Picchu en tren,https://www.tripadvisor.com.pe/AttractionProductReview-g294314-d23839028-2_Day_Tour_from_Cusco_Sacred_Valley_and_Machu_Picchu_by_Train-Cusco_Cusco_Region.html,57,154,5.0,55,2,0,0,0
Caminata Salkantay de 4 días con estadía en Sky Camp,https://www.tripadvisor.com.pe/AttractionProductReview-g294314-d16861010-4_Day_Salkantay_Trek_with_Sky_Camp_Stay-Cusco_Cusco_Region.html,3111,"3,339",5.0,"3,054",33,14,7,3
Cabalgata por cuatro templos escondidos de los incas,https://www.tripadvisor.com.pe/AttractionProductReview-g294314-d23952462-Horseback_riding_through_four_hidden_temples_of_the_inkas-Cusco_Cusco_Region.html,58,108,5.0,58,0,0,0,0
Tour a Machupicchu Por Tren Día Completo,https://www.tripadvisor.com.pe/AttractionProductReview-g294314-d19907555-Tour_to_Machupicchu_By_Train_Full_Day-Cusco_Cusco_Region.html,41,52,5.0,39,0,0,1,1
Recorrido por la ciudad de Cuzco (servicio privado),https://www.tripadvisor.com.pe/AttractionProductReview-g294314-d15040506-City_Tour_in_Cusco_Private_Service-Cusco_Cusco_Region.html,42,20,5.0,39,2,1,0,0
MachuPicchu FullDay Tour por tren todo Incluido - Guía Privado,https://www.tripadvisor.com.pe/AttractionProductReview-g294314-d19778262-MachuPicchu_FullDay_All_Inclusive_Train_Tour_Private_Guide-Cusco_Cusco_Region.html,90,149,5.0,90,0,0,0,0
"Excursión de día completo al Valle Sagrado, Pisac y Ollantaytambo desde Cusco",https://www.tripadvisor.com.pe/AttractionProductReview-g294314-d17474562-Full_Day_Excursion_to_Sacred_Valley_Pisac_and_Ollantaytambo_from_Cusco-Cusco_Cusco.html,34,111,5.0,30,2,1,0,1
Excursión de un día desde Cusco a Machu Picchu.,https://www.tripadvisor.com.pe/AttractionProductReview-g294314-d26590444-Day_trip_tour_from_Cusco_to_Machu_Picchu-Cusco_Cusco_Region.html,16,16,5.0,16,0,0,0,0
Tour de 1 día a la Montaña Arcoiris en quad,https://www.tripadvisor.com.pe/AttractionProductReview-g294314-d26586717-1_Day_Rainbow_Mountain_Tour_by_Quad_Bike-Cusco_Cusco_Region.html,25,11,5.0,25,0,0,0,0
Salkantay Caminata Clásica 5 Días desde Cusco,https://www.tripadvisor.com.pe/AttractionProductReview-g294314-d24031685-Salkantay_Classic_Trek_5_Days_from_Cusco-Cusco_Cusco_Region.html,3583,"7,465",5.0,"3,551",29,1,2,0
Paseo en ATV de 2 horas: Explora la Montaña de los Siete Colores para un Día Completo,https://www.tripadvisor.com.pe/AttractionProductReview-g294314-d17745661-2_Hour_ATV_Ride_Explore_the_Seven_Colors_Mountain_for_Full_Day-Cusco_Cusco_Region.html,202,443,4.5,173,10,3,6,10
Tour privado guiado a Machu Picchu desde Aguas Calientes,https://www.tripadvisor.com.pe/AttractionProductReview-g294314-d11483317-Machu_Picchu_Private_Guided_Tour_from_Aguas_Calientes-Cusco_Cusco_Region.html,69,77,4.5,60,2,3,3,1
Recorrido gastronómico a pie Cómete las calles de Curious Monkey en Cuzco,https://www.tripadvisor.com.pe/AttractionProductReview-g294314-d15139231-Curious_Monkey_Cusco_Eat_the_Streets_Walking_Food_Tour-Cusco_Cusco_Region.html,99,112,5.0,96,2,0,0,1
Rainbow Mountain En Cuatrimoto,https://www.tripadvisor.com.pe/AttractionProductReview-g294314-d19773220-Rainbow_Mountain_In_Quad_Bike-Cusco_Cusco_Region.html,84,183,4.5,70,1,2,3,8
Tour Valle Sagrado de los Incas Full-Day,https://www.tripadvisor.com.pe/AttractionProductReview-g2656686-d15778410-Sacred_Valley_Full_Day_Tour-Cusco_Region.html,3482,"2,241",5.0,"3,380",92,9,0,1
"Clase de cocina vegana peruana, cócteles, tour al mercado local Cusco",https://www.tripadvisor.com.pe/AttractionProductReview-g294314-d26021523-Peruvian_Vegan_Cooking_Class_cocktails_Local_Market_Tour_Cusco-Cusco_Cusco_Region.html,20,47,5.0,20,0,0,0,0
Excursión de Día Completo a Machu Picchu en Tren,https://www.tripadvisor.com.pe/AttractionProductReview-g294314-d26361188-Full_Day_Tour_to_Machu_Picchu_by_Train-Cusco_Cusco_Region.html,30,36,5.0,30,0,0,0,0
Excursión de un día a la laguna Humantay desde Cusco,https://www.tripadvisor.com.pe/AttractionProductReview-g294314-d20064784-Humantay_lake_Day_Trip_from_Cusco-Cusco_Cusco_Region.html,166,184,5.0,160,4,2,0,0
Valle Sagrado con Maras-Moray Group Tour,https://www.tripadvisor.com.pe/AttractionProductReview-g294314-d19278349-Sacred_Valley_with_Maras_Moray_Group_Tour-Cusco_Cusco_Region.html,150,176,5.0,133,15,1,1,0
Machu Picchu by train Full day,https://www.tripadvisor.com.pe/AttractionProductReview-g294314-d17429429-Machu_Picchu_by_train_Full_day-Cusco_Cusco_Region.html,100,176,5.0,96,3,1,0,0
Clase de cocina peruana y mercado local en Cuzco,https://www.tripadvisor.com.pe/AttractionProductReview-g294314-d11471137-Peruvian_Cooking_Class_and_Local_Market_in_Cusco-Cusco_Cusco_Region.html,126,197,5.0,120,6,0,0,0
Tour a Machupicchu 2 días en minivan,https://www.tripadvisor.com.pe/AttractionProductReview-g294314-d19914701-Tour_to_Machupicchu_2_Days_by_Minivan-Cusco_Cusco_Region.html,95,203,5.0,89,2,1,2,1
Tour Machu Picchu Por Tren (2 Días),https://www.tripadvisor.com.pe/AttractionProductReview-g294314-d18476644-Machu_Picchu_Tour_By_Train_2_Days-Cusco_Cusco_Region.html,42,46,4.5,37,2,0,0,3
Excursión de 2 días: Valle Sagrado y Machu Picchu desde Cuzco,https://www.tripadvisor.com.pe/AttractionProductReview-g294314-d11763642-2_Days_Tour_Sacred_Valley_and_Machu_Picchu_From_Cusco-Cusco_Cusco_Region.html,164,221,5.0,161,2,1,0,0
Camino Inca Clásico Trek 4D/3N a Machu Picchu (Servicio Grupal),https://www.tripadvisor.com.pe/AttractionProductReview-g294314-d23808248-Classic_Inca_Trail_Trek_4D_3N_to_Machu_Picchu_Group_Service-Cusco_Cusco_Region.html,6750,"11,164",5.0,"6,710",31,3,1,5
EXCURSIÓN A CABALLO MÍSTICA (Templo de la Luna y montaña de Chacán),https://www.tripadvisor.com.pe/AttractionProductReview-g294314-d15102302-HORSEBACK_RIDING_MYSTIC_TOUR_Temple_of_the_Moon_and_Chacan_Mountain-Cusco_Cusco_Re.html,78,147,5.0,78,0,0,0,0
Tour Valle Sagrado con Mara Moray y Almuerzo incluido Full Day,https://www.tripadvisor.com.pe/AttractionProductReview-g294314-d27175583-Sacred_Valley_Tour_with_Mara_Moray_and_Lunch_included_Full_Day-Cusco_Cusco_Region.html,403,452,5.0,387,15,1,0,0
Tour de día completo a Machu Picchu,https://www.tripadvisor.com.pe/AttractionProductReview-g294314-d17618980-Full_Day_Tour_to_Machu_Picchu-Cusco_Cusco_Region.html,9,18,5.0,9,0,0,0,0
"Montaña Arcoiris ante las multitudes, junto con Valle Rojo",https://www.tripadvisor.com.pe/AttractionProductReview-g294314-d18342865-Rainbow_Mountain_before_the_crowds_along_with_Red_Valley-Cusco_Cusco_Region.html,529,452,4.5,442,47,9,9,22
Caminata Salkantay a Machu Picchu 5 días / 4 noches en glamping,https://www.tripadvisor.com.pe/AttractionProductReview-g294314-d27735694-Salkantay_Trek_to_Machu_Picchu_5_Days_4_Nights_by_glamping-Cusco_Cusco_Region.html,103,179,5.0,88,12,3,0,0
Guía Profesional Privado en Machupicchu Desde Aguas Calientes.,https://www.tripadvisor.com.pe/AttractionProductReview-g294314-d20372629-Private_Professional_Guide_in_Machupicchu_From_Aguas_Calientes-Cusco_Cusco_Region.html,93,169,5.0,91,1,1,0,0
Bus Abierto Cusco Ciudad Tour,https://www.tripadvisor.com.pe/AttractionProductReview-g294314-d17472277-Open_Bus_Cusco_City_Tour-Cusco_Cusco_Region.html,144,141,4.5,114,13,8,5,4
Salkantay Trek a Machu Picchu en 4 días,https://www.tripadvisor.com.pe/AttractionProductReview-g294314-d24129308-Salkantay_Trek_to_Machu_Picchu_in_4_days-Cusco_Cusco_Region.html,34,50,5.0,31,1,0,1,1
Excursión de 1 día a la ciudad inca de Machu Picchu,https://www.tripadvisor.com.pe/AttractionProductReview-g294314-d11763665-1_day_Machu_Picchu_Tour_From_Cusco-Cusco_Cusco_Region.html,109,127,5.0,101,8,0,0,0
Machu Picchu en auto (2 días),https://www.tripadvisor.com.pe/AttractionProductReview-g294314-d19147282-Machu_Picchu_By_Car_2_Days-Cusco_Cusco_Region.html,63,51,5.0,59,0,1,1,2
Tour de día completo a la Montaña Arcoíris y al Valle Rojo desde Cuzco,https://www.tripadvisor.com.pe/AttractionProductReview-g294314-d12944453-Full_Day_Rainbow_Mountain_Red_Valley_View_Point_Tour_from_Cusco-Cusco_Cusco_Region.html,60,89,4.5,40,8,8,2,2
Tour Un Dia Completo en ATVs con Montaña de Colores sin Caminata,https://www.tripadvisor.com.pe/AttractionProductReview-g294314-d24840602-A_Full_Day_Tour_in_ATVs_with_Mountain_of_Colors_without_Hiking-Cusco_Cusco_Region.html,9,11,5.0,9,0,0,0,0
"Pisac Pueblo Inca, Mercado de Artesanos y Ollantaytambo Tour Día Completo desde Cusco",https://www.tripadvisor.com.pe/AttractionProductReview-g294314-d11451056-Pisac_Indian_Market_and_Ollantaytambo_fortress_with_lunch-Cusco_Cusco_Region.html,104,177,4.5,71,18,9,3,3
Tour privado de día completo al Valle Sagrado de los Incas,https://www.tripadvisor.com.pe/AttractionProductReview-g294314-d27672145-Full_day_Sacred_Valley_of_the_Incas_Private_Tour-Cusco_Cusco_Region.html,4,11,5.0,4,0,0,0,0
Clases de cocina en Cuzco y recorrido por el mercado de San Pedro,https://www.tripadvisor.com.pe/AttractionProductReview-g294314-d14942900-Cusco_Cooking_Classes_and_San_Pedro_Market_Tour-Cusco_Cusco_Region.html,558,959,5.0,546,11,1,0,0
City Tour en la ciudad del Cusco 1/2 Dia,https://www.tripadvisor.com.pe/AttractionProductReview-g294314-d19604547-City_Tour_in_the_city_of_Cusco_1_2_Day-Cusco_Cusco_Region.html,99,140,4.5,79,15,4,1,0
Visita al lago Humantay para grupos pequeños en Cuzco,https://www.tripadvisor.com.pe/AttractionProductReview-g294314-d14083942-Humantay_Lake_Tour_From_Cusco_Group_Tour-Cusco_Cusco_Region.html,95,117,5.0,92,1,2,0,0
Ruta por la selva Inca a Machu Picchu de 4 días,https://www.tripadvisor.com.pe/AttractionProductReview-g294314-d11467589-Inca_Jungle_Trail_to_Machu_Picchu_in_4_Days-Cusco_Cusco_Region.html,383,463,5.0,352,24,4,2,1
City Tour Cusco Con Qoricancha y 4 Ruinas.,https://www.tripadvisor.com.pe/AttractionProductReview-g294314-d17418678-City_Tour_Cusco_With_Qoricancha_and_4_Ruins-Cusco_Cusco_Region.html,3,9,5.0,3,0,0,0,0
Caminata de 2 días por el lago Humantay y el paso Salkantay,https://www.tripadvisor.com.pe/AttractionProductReview-g294314-d24897309-2_Day_Humantay_Lake_Salkantay_Pass_Trek-Cusco_Cusco_Region.html,337,722,5.0,330,7,0,0,0
"Transporte a Ollantaytambo con visitas a Chinchero, Salineras de Maras y Moray",https://www.tripadvisor.com.pe/AttractionProductReview-g294314-d17587864-Transport_to_Ollantaytambo_with_visits_to_Chinchero_Salineras_de_Maras_and_Moray-C.html,14,46,5.0,13,1,0,0,0
Laguna Humantay (Excursión de un día),https://www.tripadvisor.com.pe/AttractionProductReview-g294314-d17459148-Humantay_Lake_Day_Trip-Cusco_Cusco_Region.html,40,46,5.0,39,1,0,0,0
Trek Rainbow Mountain Full Day,https://www.tripadvisor.com.pe/AttractionProductReview-g294314-d23558272-Rainbow_Mountain_Full_Day_Trek-Cusco_Cusco_Region.html,1569,761,5.0,"1,488",62,15,4,0
Camino Inca Jungle a Machu Picchu 4 Días,https://www.tripadvisor.com.pe/AttractionProductReview-g294314-d17429459-Inca_Jungle_Trail_to_Machu_Picchu_4_Days-Cusco_Cusco_Region.html,85,81,5.0,85,0,0,0,0
Valle Sagrado y Machu Picchu Tour de 2 dias desde Cuzco,https://www.tripadvisor.com.pe/AttractionProductReview-g294314-d23585946-Sacred_Valley_and_Machu_Picchu_2_day_tour_from_Cusco-Cusco_Cusco_Region.html,22,64,5.0,22,0,0,0,0
Visita alternativa con senderismo por la Montaña Arcoíris de Palccoyo (privado o para grupos pequeños de 6 personas),https://www.tripadvisor.com.pe/AttractionProductReview-g294314-d17223625-Alternative_Rainbow_Mountain_Palccoyo_Hike_6_Small_Group-Cusco_Cusco_Region.html,15,41,5.0,14,1,0,0,0
No disponible,https://www.tripadvisor.com.pe/AttractionProductReview-g294314-d12939643-Group_Cooking_Class_at_Marcelo_Batata_in_Cusco-Cusco_Cusco_Region.html,No disponible,No disponible,No disponible,0,0,0,0,0
Excursión de un día al Valle Sagrado con Maras y Moray desde Cuzco,https://www.tripadvisor.com.pe/AttractionProductReview-g294314-d27519777-Sacred_Valley_with_Maras_and_Moray_day_trip_from_Cusco-Cusco_Cusco_Region.html,22,65,5.0,22,0,0,0,0
Montaña de Colores sin senderismo Zero Esfuerzo con Cuatrimotos,https://www.tripadvisor.com.pe/AttractionProductReview-g294314-d26672371-Rainbow_Mountain_no_Hiking_Zero_Effort_with_ATV_s_DELUXE_TOUR-Cusco_Cusco_Region.html,6,20,5.0,6,0,0,0,0
Tour Machu Picchu Full day servicio privado,https://www.tripadvisor.com.pe/AttractionProductReview-g294314-d21035973-Tour_Machu_Picchhu_full_day_Private_Services-Cusco_Cusco_Region.html,9,14,5.0,9,0,0,0,0
Excursión de un día completo a Machu Picchu,https://www.tripadvisor.com.pe/AttractionProductReview-g294314-d13805465-Full_Day_Tour_to_Machu_Picchu_on_Panoramic_Train-Cusco_Cusco_Region.html,252,248,5.0,240,7,1,0,4
Tour de día completo al lago Titicaca desde Cuzco,https://www.tripadvisor.com.pe/AttractionProductReview-g294314-d17684456-Full_Day_Lake_Titicaca_Tour_from_Cusco-Cusco_Cusco_Region.html,48,45,4.5,36,5,3,3,1
Excursión de un día a Machu Picchu desde Cusco,https://www.tripadvisor.com.pe/AttractionProductReview-g294314-d17459149-Machu_Picchu_day_trip_from_Cusco-Cusco_Cusco_Region.html,372,281,5.0,357,10,2,1,2
City Tour Cusco: Sacsayhuaman Qenqo PucaPucara y Tambomachay,https://www.tripadvisor.com.pe/AttractionProductReview-g294314-d19901032-Cusco_City_Tour_Sacsayhuaman_Qenqo_PucaPucara_and_Tambomachay-Cusco_Cusco_Region.html,10,34,5.0,9,0,1,0,0
Tour Privado a Machu Picchu desde Cusco con Almuerzo,https://www.tripadvisor.com.pe/AttractionProductReview-g294314-d25415237-Private_Tour_to_Machu_Picchu_from_Cusco_with_Lunch-Cusco_Cusco_Region.html,81,82,5.0,81,0,0,0,0
Transporte Al Santuario Vive Una Gran Experiencia,https://www.tripadvisor.com.pe/AttractionProductReview-g294314-d18756564-Carriage_To_Sanctuary_Live_A_Great_Experience-Cusco_Cusco_Region.html,14,24,5.0,14,0,0,0,0
Tren de lujo Hiram Bingham a Machu Picchu,https://www.tripadvisor.com.pe/AttractionProductReview-g294314-d11451090-Hiram_Bingham_Round_Trip_Luxury_Train_to_Machu_Picchu-Cusco_Cusco_Region.html,123,145,4.5,98,11,6,3,5
Tour Privado A Machu Picchu Día Completo,https://www.tripadvisor.com.pe/AttractionProductReview-g294314-d11478429-Private_Tour_To_Machu_Picchu_Full_Day-Cusco_Cusco_Region.html,84,107,5.0,83,1,0,0,0
Recorrido en bicicleta a Moray y las minas de sal desde Ollantaytambo,https://www.tripadvisor.com.pe/AttractionProductReview-g294319-d11477782-Mountain_Bike_Ride_in_Moray_to_Maras_and_Salt_Mines-Ollantaytambo_Sacred_Valley_Cu.html,8,28,5.0,8,0,0,0,0
Excursión A La Laguna Humantay Desde Cusco || Tour Privado ||,https://www.tripadvisor.com.pe/AttractionProductReview-g294314-d19239380-Excursion_to_Humantay_Lake_From_Cusco_Private_Tour-Cusco_Cusco_Region.html,257,282,5.0,239,16,1,0,1
Machu picchu 1 día por tren desde Cusco,https://www.tripadvisor.com.pe/AttractionProductReview-g294314-d19256285-Machu_Picchu_1_day_by_train_from_Cusco-Cusco_Cusco_Region.html,13,30,5.0,12,1,0,0,0
Excursión de Día Entero a Machu Picchu Desde Cusco,https://www.tripadvisor.com.pe/AttractionProductReview-g294314-d23951434-Full_Day_Excursion_to_Machu_Picchu_From_Cusco-Cusco_Cusco_Region.html,2,14,5.0,2,0,0,0,0
Aspectos destacados y gemas ocultas con los lugareños: tour privado de lo mejor de Cusco,https://www.tripadvisor.com.pe/AttractionProductReview-g294314-d19496904-Highlights_Hidden_Gems_With_Locals_Best_of_Cusco_Private_Tour-Cusco_Cusco_Region.html,12,12,5.0,11,0,1,0,0
"Tour completo del Valle Sagrado Grupo pequeño Pisac, Maras, Moray y Ollantaytambo",https://www.tripadvisor.com.pe/AttractionProductReview-g294314-d19531027-Complete_Sacred_Valley_Tour_Small_group_Pisac_Maras_Moray_Ollantaytambo-Cusco_Cusc.html,34,45,5.0,30,4,0,0,0
Tour privado de día completo en la Montaña Arco Iris desde Cuzco,https://www.tripadvisor.com.pe/AttractionProductReview-g294314-d26580466-Full_Day_Private_Tour_in_Rainbow_Mountain_from_Cusco-Cusco_Cusco_Region.html,37,66,5.0,36,1,0,0,0
Excursión a la Laguna Humantay desde Cusco - Tour Privado.,https://www.tripadvisor.com.pe/AttractionProductReview-g294314-d15884818-Excursion_to_Humantay_Lake_from_Cusco_Private_Tour-Cusco_Cusco_Region.html,468,627,5.0,452,16,0,0,0
Tour privado en Cusco de 4 horas que incluye Sacsayhuaman y Qenqo,https://www.tripadvisor.com.pe/AttractionProductReview-g294314-d12624186-Cusco_4_Hour_Private_Tour_Including_Sacsayhuaman_and_Qenqo-Cusco_Cusco_Region.html,17,34,5.0,17,0,0,0,0
"Tour de 8 días por Perú todo incluido: Cusco, Machu Picchu y más",https://www.tripadvisor.com.pe/AttractionProductReview-g294314-d16753677-8_Day_All_Inclusive_Peru_Tour_Cusco_Machu_Picchu_and_More-Cusco_Cusco_Region.html,47,109,5.0,44,2,0,1,0
Excursión de día completo a Machu Picchu desde Cuzco,https://www.tripadvisor.com.pe/AttractionProductReview-g294314-d11483045-Machu_Picchu_Full_Day_Tour_from_Cusco-Cusco_Cusco_Region.html,93,102,5.0,88,3,1,1,0
Caminata de día completo a la montaña del Arcoíris y el Valle Rojo para grupos pequeños desde Cusco,https://www.tripadvisor.com.pe/AttractionProductReview-g294314-d12395335-Full_Day_Rainbow_Mountain_Red_Valley_Small_Group_Trek_from_Cusco-Cusco_Cusco_Regio.html,248,328,5.0,238,8,1,1,0
Vehículos todo terreno en Rainbow Mountain todo el día,https://www.tripadvisor.com.pe/AttractionProductReview-g294314-d19146310-ATV_s_in_Rainbow_Mountain_full_day-Cusco_Cusco_Region.html,3,40,4.5,2,0,1,0,0
Valle Sagrado y Machu Picchu 2D1N,https://www.tripadvisor.com.pe/AttractionProductReview-g294314-d23808243-Sacred_Valley_Machu_Picchu_2D1N-Cusco_Cusco_Region.html,406,653,5.0,401,4,0,0,1
Descubre Machupicchu (tour en bus): 2D / 1N,https://www.tripadvisor.com.pe/AttractionProductReview-g294314-d19914789-Discover_Machupicchu_tour_by_bus_2D_1N-Cusco_Cusco_Region.html,No disponible,7,No disponible,0,0,0,0,0
Traslado Aeropuerto Cusco a Hotel en Cusco Ida y Vuelta,https://www.tripadvisor.com.pe/AttractionProductReview-g294314-d20118263-Transfer_Cusco_Airport_to_Hotel_in_Cusco_Round_Trip-Cusco_Cusco_Region.html,17,16,5.0,17,0,0,0,0
Taller de pintura privado con vino y aperitivos,https://www.tripadvisor.com.pe/AttractionProductReview-g294314-d27182761-Private_painting_workshop_with_wine_and_snacks-Cusco_Cusco_Region.html,No disponible,15,No disponible,0,0,0,0,0
"Santuario de animales rescatados del Cusco: ""cochahuasi""",https://www.tripadvisor.com.pe/AttractionProductReview-g294314-d19923651-Cusco_santuario_de_animales_rescatados_cochahuasi-Cusco_Cusco_Region.html,13,40,5.0,13,0,0,0,0
Excursión de un día a la laguna de Humantay,https://www.tripadvisor.com.pe/AttractionProductReview-g294314-d17772270-Humantay_Lagoon_Day_Trip-Cusco_Cusco_Region.html,81,87,4.5,66,9,5,0,1
Cabalgata al Ausangate y los 7 lagos Tour de día completo,https://www.tripadvisor.com.pe/AttractionProductReview-g294314-d27977257-Horseback_riding_to_Ausangate_and_the_7_lakes_Full_day_Tour-Cusco_Cusco_Region.html,1,14,5.0,1,0,0,0,0
Cabalgatas: 4 sitios arqueológicos,https://www.tripadvisor.com.pe/AttractionProductReview-g294314-d14077779-Horseback_Riding_4_Archaeological_Sites-Cusco_Cusco_Region.html,9,24,4.5,8,0,0,0,1
"Recorrido de un día a Maras, Moray y las salinas desde Cuzco",https://www.tripadvisor.com.pe/AttractionProductReview-g294314-d12468338-Day_Tour_to_Maras_Moray_and_Salt_Flats_from_Cusco-Cusco_Cusco_Region.html,75,101,5.0,64,9,1,0,1
"Valle Sagrado más 1 día: Maras, Moray, Pisac, Chinchero y Ollantaytambo",https://www.tripadvisor.com.pe/AttractionProductReview-g294314-d20080050-Sacred_Valley_Plus_1_Day_Maras_Moray_Pisac_Chinchero_Ollantaytambo-Cusco_Cusco_Reg.html,18,30,5.0,17,0,0,0,1
"Recorrido de un día completo por Pisac, Ollantaytambo y Chincheros, en el Valle Sagrado",https://www.tripadvisor.com.pe/AttractionProductReview-g294314-d12873717-Sacred_Valley_Pisac_Ollantaytambo_and_Chinchero_Full_Day_Tour-Cusco_Cusco_Region.html,24,43,4.5,16,5,1,1,1
Excursión al Valle Sagrado y Machu Picchu en tren Panorámico,https://www.tripadvisor.com.pe/AttractionProductReview-g294314-d24001621-Excursion_to_the_Sacred_Valley_and_Machu_Picchu_by_Panoramic_Train-Cusco_Cusco_Reg.html,37,72,5.0,33,4,0,0,0
"Tour de 5 días a Machupicchu, Valle Sagrado y Montaña arcoíris en grupo pequeño",https://www.tripadvisor.com.pe/AttractionProductReview-g294314-d23733211-5_days_tour_to_Machupicchu_Sacred_Valley_and_Rainbow_Mountain_in_small_group-Cusco.html,14,31,5.0,14,0,0,0,0
"Salineras de Maras, Andenes de Moray y Valle Sagrado de los Incas",https://www.tripadvisor.com.pe/AttractionProductReview-g294314-d17429326-Salineras_de_Maras_Andenes_de_Moray_and_Sacred_Valley_of_the_Incas-Cusco_Cusco_Reg.html,22,65,5.0,20,2,0,0,0
Excursión al lago Humantay desde Cusco,https://www.tripadvisor.com.pe/AttractionProductReview-g294314-d12561762-Humantay_Lake_Tour_from_Cusco_All_inclusive-Cusco_Cusco_Region.html,125,150,4.5,106,8,5,3,3
Caminata por el arco iris de Palccoyo: aventura en grupos pequeños (máx. 8),https://www.tripadvisor.com.pe/AttractionProductReview-g294314-d19914213-Palccoyo_Rainbow_Hike_Small_Group_Adventure_Max_8-Cusco_Cusco_Region.html,77,149,5.0,76,0,0,1,0
Recorrido privado de 2 días: Sendero Inca a Machu Picchu,https://www.tripadvisor.com.pe/AttractionProductReview-g294314-d15068137-2_Day_Private_Tour_of_the_Inca_Trail_to_Machu_Picchu-Cusco_Cusco_Region.html,87,117,5.0,86,1,0,0,0
Excursión de día completo a la montaña de colores de Palccoyo,https://www.tripadvisor.com.pe/AttractionProductReview-g294314-d23786621-Palccoyo_Rainbow_Mountain_full_day_tour-Cusco_Cusco_Region.html,26,121,5.0,25,1,0,0,0
Tour privado: Exploración de 2 días del Valle Sagrado y Machu Picchu,https://www.tripadvisor.com.pe/AttractionProductReview-g294314-d11456151-Private_Tour_2_Day_Exploration_of_the_Sacred_Valley_and_Machu_Picchu-Cusco_Cusco_R.html,54,107,5.0,53,1,0,0,0
Excursión de 4 días por la selva inca al clásico Machu Picchu,https://www.tripadvisor.com.pe/AttractionProductReview-g294314-d11472558-4_Days_Inca_Jungle_to_Machu_Picchu_Standard-Cusco_Cusco_Region.html,33,56,5.0,29,2,1,0,1
"5 días || Todo incluido || Excursión a Machupicchu, Lago Humantay y Montaña Arcoiris",https://www.tripadvisor.com.pe/AttractionProductReview-g294314-d16657033-5_Day_All_Included_Excursion_to_Machupicchu_Humantay_Lake_Rainbow_Mountain-Cusco_C.html,18,62,5.0,17,1,0,0,0
"Salkantay Trek 5D/5N con Cabañas de Cristal, Hobbit House-Hot Jacuzzi",https://www.tripadvisor.com.pe/AttractionProductReview-g294314-d23808242-Salkantay_Trek_5D_5N_with_Glass_Cabanas_Hobbit_House_Hot_Jacuzzi-Cusco_Cusco_Regio.html,1384,"2,972",5.0,"1,373",8,3,0,0
ALMUERZO EN CLASE DE COCINA EN CUSCO - Buceo Culinario Rápido,https://www.tripadvisor.com.pe/AttractionProductReview-g294314-d19446072-CUSCO_COOKING_CLASS_LUNCH_Quick_Culinary_Dive-Cusco_Cusco_Region.html,10,14,5.0,10,0,0,0,0
Cusco Tunupa Restaurant Espectáculo Folclórico con Cena,https://www.tripadvisor.com.pe/AttractionProductReview-g294314-d11483319-Cusco_Tunupa_Restaurant_Folk_Show_with_Dinner-Cusco_Cusco_Region.html,7,17,4.5,4,2,1,0,0
Camino Inca Clásico a Machu Picchu (4 días),https://www.tripadvisor.com.pe/AttractionProductReview-g294314-d17775139-Classic_Inca_Trail_to_Machu_Picchu_4_Day-Cusco_Cusco_Region.html,48,75,5.0,48,0,0,0,0
Camino Inca Clásico de 4 días a Machu Picchu,https://www.tripadvisor.com.pe/AttractionProductReview-g294314-d24005551-4_Day_Classic_Inca_Trail_to_Machu_Picchu-Cusco_Cusco_Region.html,203,446,5.0,202,1,0,0,0
Visita al mercado de San Pedro con clase de cocina peruana,https://www.tripadvisor.com.pe/AttractionProductReview-g294314-d28150958-San_Pedro_Market_Tour_with_Peruvian_Cooking_Class-Cusco_Cusco_Region.html,11,25,5.0,11,0,0,0,0
Tour Valle Sagrado de los Incas y Maras Moray Full Day,https://www.tripadvisor.com.pe/AttractionProductReview-g294314-d26431759-Sacred_Valley_of_the_Incas_and_Maras_Moray_Full_Day_Tour-Cusco_Cusco_Region.html,16,27,4.5,14,0,0,2,0
Laguna Humantay Cusco 1 Día,https://www.tripadvisor.com.pe/AttractionProductReview-g294314-d19250552-Humantay_Lake_Cusco_1_Day-Cusco_Cusco_Region.html,14,26,5.0,12,2,0,0,0
Excursión de día completo a la montaña de colores de Palccoyo,https://www.tripadvisor.com.pe/AttractionProductReview-g294314-d24094449-Palccoyo_Rainbow_Mountain_Full_Day_Tour-Cusco_Cusco_Region.html,20,25,5.0,20,0,0,0,0
tour valle rojo + montaña de arcoiris,https://www.tripadvisor.com.pe/AttractionProductReview-g294314-d26585126-Red_valley_rainbow_mountain_tour-Cusco_Cusco_Region.html,21,41,5.0,20,0,0,0,1
Inka Jungle trek a Machupicchu 4 días,https://www.tripadvisor.com.pe/AttractionProductReview-g294314-d19790408-Inka_Jungle_trek_to_Machupicchu_4_days-Cusco_Cusco_Region.html,8,65,5.0,8,0,0,0,0
Laguna de Humantay- Tour de día completo desde Cuzco,https://www.tripadvisor.com.pe/AttractionProductReview-g294314-d18480285-Humantay_Lake_Full_Day_Trip_from_Cusco-Cusco_Cusco_Region.html,1,13,5.0,1,0,0,0,0
"(H) 7 días en el Machupicchu mágico (Maras-Moray, Montaña Arcoíris, Laguna Humantay) para grupos",https://www.tripadvisor.com.pe/AttractionProductReview-g294314-d16741946-7_Days_Cusco_Sacred_Valley_MachuPichu_Rainbow_mountain_Humantay_lake-Cusco_Cusco_R.html,38,113,5.0,37,1,0,0,0
Excursión privada de un día a Palcoyo Rainbow Mountain desde Cuzco,https://www.tripadvisor.com.pe/AttractionProductReview-g294314-d26830373-Palcoyo_Rainbow_Mountain_Private_Day_Trip_Tour_from_Cusco-Cusco_Cusco_Region.html,11,29,5.0,11,0,0,0,0
Desde Cusco: Tour de día completo a Machu Picchu en tren turístico,https://www.tripadvisor.com.pe/AttractionProductReview-g294314-d16841166-Froom_Cusco_Full_Day_Tour_to_Machu_Picchu_by_Tourist_Train-Cusco_Cusco_Region.html,81,109,5.0,76,2,1,1,1
"Rainbow Mountain Perú, evita la caminata con una expedición en motocicleta",https://www.tripadvisor.com.pe/AttractionProductReview-g294314-d27519857-Rainbow_Mountain_Peru_Skip_the_Hiking_with_Motorcycle_Expedition-Cusco_Cusco_Regio.html,5,12,4.5,4,0,1,0,0
Tour Parque Nacional Manu 4 días / 3 noches,https://www.tripadvisor.com.pe/AttractionProductReview-g294314-d17774176-Manu_National_Park_Tour_4days_3night-Cusco_Cusco_Region.html,55,190,5.0,54,1,0,0,0
Excursion de dia completo a Machu Picchu desde Cuzco,https://www.tripadvisor.com.pe/AttractionProductReview-g294314-d17773205-Full_day_excursion_to_Machu_Picchu_from_Cuzco-Cusco_Cusco_Region.html,257,268,5.0,244,9,2,2,0
Camino Inca 4 Días / 3 Noches,https://www.tripadvisor.com.pe/AttractionProductReview-g294314-d27457112-Inca_Trail_4_Days_3_Nights-Cusco_Cusco_Region.html,281,517,5.0,280,1,0,0,0
Lago Titicaca 2 días 1 noche de Cusco a Puno,https://www.tripadvisor.com.pe/AttractionProductReview-g2656686-d15303070-Titicaca_Lake_2_Day_1_Night_from_Cusco_to_Puno-Cusco_Region.html,17,72,4.5,13,2,1,0,1
Camino Inca de 2 días a Machu Picchu,https://www.tripadvisor.com.pe/AttractionProductReview-g304036-d18909495-2_Day_Inca_Trail_To_Machu_Picchu-Aguas_Calientes_Machu_Picchu_Sacred_Valley_Cusco_.html,63,105,5.0,60,2,0,0,1
"Recorrido de un día por Tipón, Pikillacta y el valle del sur de Andahuaylillas desde Cuzco",https://www.tripadvisor.com.pe/AttractionProductReview-g294314-d12468337-Tipon_Pikillacta_and_Andahuaylillas_South_Valley_Day_Tour_from_Cusco-Cusco_Cusco_R.html,15,22,5.0,15,0,0,0,0
"6 días explorando Cusco, Valle Sagrado y Machu Picchu",https://www.tripadvisor.com.pe/AttractionProductReview-g294314-d13480697-6_Days_Exploring_Cusco_Sacred_Valley_Machu_Picchu-Cusco_Cusco_Region.html,343,788,5.0,321,18,4,0,0
2-Day Machu Picchu Tour by Train from Cusco,https://www.tripadvisor.com.pe/AttractionProductReview-g294314-d11476454-2_Day_Machu_Picchu_Tour_by_Train_from_Cusco-Cusco_Cusco_Region.html,22,28,5.0,19,2,1,0,0
Tour de medio día por las ceremonias ancestrales andinas,https://www.tripadvisor.com.pe/AttractionProductReview-g294314-d14003505-Andean_Ancestral_Ceremonies_Half_Day_Tour-Cusco_Cusco_Region.html,6,17,5.0,5,1,0,0,0
Excursión de día completo a la montaña de colores desde Cusco,https://www.tripadvisor.com.pe/AttractionProductReview-g294314-d26553647-Rainbow_Mountain_Full_Day_Tour_from_Cusco-Cusco_Cusco_Region.html,12,28,5.0,11,1,0,0,0
Full Day Privado en 7 Lagunas Ausangate,https://www.tripadvisor.com.pe/AttractionProductReview-g294314-d26787088-Full_Day_Private_in_7_Ausangate_Lagoons-Cusco_Cusco_Region.html,29,50,5.0,29,0,0,0,0
Excursión de un día a Machu Picchu desde Cusco,https://www.tripadvisor.com.pe/AttractionProductReview-g294314-d20184874-Machu_Picchu_Day_Trip_from_Cusco-Cusco_Cusco_Region.html,10,20,5.0,10,0,0,0,0
Excursión privada a Ollantaytambo y Ruinas de Pisac con visita a una granja y picnic gourmet,https://www.tripadvisor.com.pe/AttractionProductReview-g294314-d11992364-Private_Ollantaytambo_Pisac_Ruins_Tour_with_Farm_Visit_Gourmet_Picnic_Lunch-Cusco_.html,44,59,5.0,44,0,0,0,0
"Curious Monkey en Cuzco: Mercados y calles, recorrido gastronómico a pie",https://www.tripadvisor.com.pe/AttractionProductReview-g294314-d15139307-Curious_Monkey_Cusco_Market_and_Streets_Walking_Food_Tour-Cusco_Cusco_Region.html,23,49,5.0,21,2,0,0,0
Tour guiado de día completo a la Montaña Arcoíris en Perú,https://www.tripadvisor.com.pe/AttractionProductReview-g294314-d26655923-Full_Day_Guided_Rainbow_Mountain_Tour_in_Peru-Cusco_Cusco_Region.html,16,30,5.0,16,0,0,0,0
Tour guiado de 3 días por la selva del Manu desde Cuzco,https://www.tripadvisor.com.pe/AttractionProductReview-g294314-d26697541-3_Days_Guided_Manu_Jungle_Tour_from_Cusco-Cusco_Cusco_Region.html,7,33,5.0,7,0,0,0,0
Excursión Privada de 4 días a Cusco y Machu Picchu,https://www.tripadvisor.com.pe/AttractionProductReview-g294314-d11460883-4_Day_Cusco_and_Machu_Picchu_Private_Tour-Cusco_Cusco_Region.html,101,277,5.0,101,0,0,0,0
"Lo mejor de Perú en 6 días: Cuzco, Machu Picchu y lago Titicaca",https://www.tripadvisor.com.pe/AttractionProductReview-g294314-d12468328-6_Day_Best_of_Peru_Cusco_Machu_Picchu_and_Lake_Titicaca_Tour-Cusco_Cusco_Region.html,65,136,5.0,59,5,0,0,1
ATV Quad Bike Tour a Moray Maras y Salinas de Cusco,https://www.tripadvisor.com.pe/AttractionProductReview-g294314-d13159871-ATV_Quad_Bike_Tour_to_Moray_Maras_and_Salt_mines_from_Cusco-Cusco_Cusco_Region.html,13,18,4.0,9,2,0,0,2
Camino Inca Corto de 2 Días y 1 Noche a Machu Picchu,https://www.tripadvisor.com.pe/AttractionProductReview-g294314-d27474312-2_Days_and_1_Night_Short_Inca_Trail_to_Machu_Picchu-Cusco_Cusco_Region.html,11,5,5.0,11,0,0,0,0
"Tour 6 Días en Machu Picchu, Montaña de Colores y Laguna Humantay",https://www.tripadvisor.com.pe/AttractionProductReview-g294314-d26234570-Tour_6_Days_in_Machu_Picchu_Rainbow_Mountain_and_Humantay_Lagoon-Cusco_Cusco_Regio.html,12,23,5.0,12,0,0,0,0
Valle Sagrado y Machu Picchu Tour de 2 días,https://www.tripadvisor.com.pe/AttractionProductReview-g294314-d13151495-Sacred_Valley_and_Machu_Picchu_2_Day_Tour-Cusco_Cusco_Region.html,1523,"2,193",5.0,"1,500",18,2,1,2
Montaña Arcoíris en Cusco Tour de día completo,https://www.tripadvisor.com.pe/AttractionProductReview-g294314-d19907639-Rainbow_Mountain_in_Cusco_Full_Day_Tour-Cusco_Cusco_Region.html,42,96,5.0,38,3,0,1,0
Salkantay Trek guiado privado de 5 días desde Cusco con alojamiento,https://www.tripadvisor.com.pe/AttractionProductReview-g294314-d24881128-5_Day_Private_Guided_Salkantay_Trek_from_Cusco_with_Accommodation-Cusco_Cusco_Regi.html,12,16,5.0,12,0,0,0,0
Recogida en el aeropuerto de Cusco y traslado privado.,https://www.tripadvisor.com.pe/AttractionProductReview-g294314-d26580929-Cusco_Airport_Pickup_and_Private_Transfer-Cusco_Cusco_Region.html,34,7,5.0,34,0,0,0,0
1 Día En Machu Picchu En Tren Panorámico (tren Vistadome),https://www.tripadvisor.com.pe/AttractionProductReview-g294314-d15524998-Machu_Picchu_1_Day_By_Panoramic_Vistadome_Train-Cusco_Cusco_Region.html,10,14,5.0,10,0,0,0,0
Excursión de un día en quad a la montaña Rainbow,https://www.tripadvisor.com.pe/AttractionProductReview-g294314-d24185928-Rainbow_Mountain_Quad_Bike_Day_Trip-Cusco_Cusco_Region.html,2,8,4.0,1,0,1,0,0
"Escapada privada de un día a Maras, Moray y Chinchero desde Cuzco",https://www.tripadvisor.com.pe/AttractionProductReview-g294314-d11456154-Maras_Moray_and_Chinchero_Private_Day_Trip_from_Cusco-Cusco_Cusco_Region.html,98,134,5.0,90,7,1,0,0
Camino Inca a Machu Picchu + Montaña Huayna Picchu en 4 días / 3 noches,https://www.tripadvisor.com.pe/AttractionProductReview-g294314-d19442337-Inca_Trail_to_Machu_Picchu_Huayna_Picchu_Mountain_in_4_days_3_nights-Cusco_Cusco_R.html,38,100,5.0,31,6,1,0,0
Excursión de día completo de senderismo por el Valle Sagrado desde Cuzco,https://www.tripadvisor.com.pe/AttractionProductReview-g294314-d12939366-1_Day_Sacred_Valley_VIP_Tour_from_Cusco-Cusco_Cusco_Region.html,11,34,5.0,11,0,0,0,0
City Tour de Cusco a través del Tiempo - Ruinas Místicas,https://www.tripadvisor.com.pe/AttractionProductReview-g294314-d27712294-Cusco_s_City_Tour_Through_Time_Mystical_Ruins-Cusco_Cusco_Region.html,No disponible,13,No disponible,0,0,0,0,0
Recorrido de senderismo de 5 días por Salkantay hasta Machu Picchu,https://www.tripadvisor.com.pe/AttractionProductReview-g294314-d13571413-Ultimate_Salkantay_Trek_to_Machu_Picchu_5_Days-Cusco_Cusco_Region.html,477,"1,124",5.0,468,6,1,1,1
Día completo en el Machu Picchu y Huayna Picchu,https://www.tripadvisor.com.pe/AttractionProductReview-g294314-d17224628-Machu_Picchu_and_Huayna_Picchu_Full_Day_Private_Tour-Cusco_Cusco_Region.html,148,132,5.0,145,3,0,0,0
Cusco: recorrido histórico a pie con pisco sour y música local,https://www.tripadvisor.com.pe/AttractionProductReview-g294314-d27712179-Cusco_Historic_Walking_Tour_with_Pisco_Sour_and_Local_Music-Cusco_Cusco_Region.html,87,74,5.0,82,3,1,0,1
Senderismo en Salkantay desde Cuzco de 5 días: Oferta especial,https://www.tripadvisor.com.pe/AttractionProductReview-g294314-d16913116-Salkantay_Trek_Standard_5D_4N-Cusco_Cusco_Region.html,43,68,5.0,40,1,2,0,0
"City Tour Cusco, Qoricancha, Sacsayhuaman, Qenqo, Pucapucara y Tambomachay",https://www.tripadvisor.com.pe/AttractionProductReview-g294314-d17429566-City_Tour_Cusco_Qoricancha_Sacsayhuaman_Qenqo_Pucapucara_and_Tambomachay-Cusco_Cus.html,3,5,5.0,3,0,0,0,0
Traslado desde al aeropuerto al hotel (Cuzco),https://www.tripadvisor.com.pe/AttractionProductReview-g294314-d15193835-Transfer_from_Cusco_Airport_to_the_Hotel_Cusco-Cusco_Cusco_Region.html,12,9,5.0,11,0,1,0,0
Caminata Ausangate - Siete Lagos Glaciales - Día Completo,https://www.tripadvisor.com.pe/AttractionProductReview-g294314-d26368548-Ausangate_s_Hike_Seven_Glacial_Lakes_Full_Day-Cusco_Cusco_Region.html,1,8,5.0,1,0,0,0,0
Tour de 2 días a Machu Picchu desde Cusco (Todo incluido),https://www.tripadvisor.com.pe/AttractionProductReview-g294314-d23762195-2_Days_Machu_Picchu_Tour_from_Cusco_All_included-Cusco_Cusco_Region.html,56,135,5.0,55,1,0,0,0
Tour Montaña de Colores Palccoyo - Tour día completo (Servicio Grupal),https://www.tripadvisor.com.pe/AttractionProductReview-g294314-d19528137-Palccoyo_Rainbow_Mountain_tour_Full_day_tour_Group_Service-Cusco_Cusco_Region.html,32,36,4.5,27,0,2,3,0
Machu picchu 1 Día por tren todo incluido,https://www.tripadvisor.com.pe/AttractionProductReview-g294314-d15767502-Machu_picchu_one_day_by_train_all_included-Cusco_Cusco_Region.html,39,56,5.0,37,0,1,0,1
Desde Cusco - Tour de 2 Días al Valle Sagrado y Machu Picchu con Almuerzo,https://www.tripadvisor.com.pe/AttractionProductReview-g294314-d23714311-From_Cusco_2_Day_Tour_to_the_Sacred_Valley_and_Machu_Picchu_with_Lunch-Cusco_Cusco.html,37,84,5.0,35,1,0,1,0
Tour Montaña Arco Iris Vinincunca y Visita opcional a Valle Rojo.,https://www.tripadvisor.com.pe/AttractionProductReview-g294314-d24933462-Vinincunca_Rainbow_Mountain_Tour_and_optional_visit_to_Red_Valley-Cusco_Cusco_Regi.html,20,33,5.0,20,0,0,0,0
Tour Guiado de Día Completo a Laguna Humantay desde Cusco,https://www.tripadvisor.com.pe/AttractionProductReview-g294314-d23738644-From_Cusco_Humantay_lake_full_day_tour-Cusco_Cusco_Region.html,39,52,5.0,39,0,0,0,0
"""Montaña Arcoiris a Caballo"" Excursiòn de un dìa con Perù Vip",https://www.tripadvisor.com.pe/AttractionProductReview-g294314-d20025187-Rainbow_Mountain_on_Horseback_Day_trip_with_Peru_Vip-Cusco_Cusco_Region.html,10,25,5.0,10,0,0,0,0
7 Lagunas del Ausangate - Tour de dia completo,https://www.tripadvisor.com.pe/AttractionProductReview-g294314-d19709659-7_Lakes_of_Ausangate_Full_Day_Tour_from_Cusco-Cusco_Cusco_Region.html,14,18,4.5,12,1,0,0,1
Tour de un día a Machu Picchu,https://www.tripadvisor.com.pe/AttractionProductReview-g294314-d27504017-One_Day_Machu_Picchu_Tour-Cusco_Cusco_Region.html,11,40,5.0,11,0,0,0,0
From Cusco: ATV’s tour Moray and Salt Mines of Maras.,https://www.tripadvisor.com.pe/AttractionProductReview-g294314-d27901360-From_Cusco_ATV_s_tour_Moray_and_Salt_Mines_of_Maras-Cusco_Cusco_Region.html,3,8,5.0,3,0,0,0,0
Excursión privada de día completo a Machu Picchu desde Cuzco,https://www.tripadvisor.com.pe/AttractionProductReview-g294314-d11903988-Machu_Picchu_Full_Day_Private_Tour-Cusco_Cusco_Region.html,425,439,5.0,422,0,1,0,2
CENA DE CLASE DE COCINA EN CUSCO - Clase de cocina corta e inmersiva,https://www.tripadvisor.com.pe/AttractionProductReview-g294314-d19446074-CUSCO_COOKING_CLASS_DINNER_Short_Immersive_Cooking_Class-Cusco_Cusco_Region.html,6,10,5.0,6,0,0,0,0
Guía privado en Machupicchu.,https://www.tripadvisor.com.pe/AttractionProductReview-g294314-d26186706-Private_guide_in_Machupicchu-Cusco_Cusco_Region.html,81,89,5.0,80,0,1,0,0
Tour al Valle Sagrado VIP - Full Day,https://www.tripadvisor.com.pe/AttractionProductReview-g294314-d19797367-Tour_to_the_Sacred_Valley_VIP_Full_Day-Cusco_Cusco_Region.html,30,45,4.5,23,5,0,0,2
Excursiones a Machu Picchu en un día en el tren Inca Rail desde Cusco,https://www.tripadvisor.com.pe/AttractionProductReview-g294314-d11482615-Machu_Picchu_Trips_One_Day_Tour_with_Inca_Rail_Train_from_Cusco-Cusco_Cusco_Region.html,4,12,5.0,4,0,0,0,0
Waynapicchu y Machupicchu 2 Días 1 Noche,https://www.tripadvisor.com.pe/AttractionProductReview-g294314-d17619171-Waynapicchu_and_Machupicchu_2_Days_1_Night-Cusco_Cusco_Region.html,2,7,5.0,2,0,0,0,0
Experiencia de cocina peruana y degustación de pisco en Cusco,https://www.tripadvisor.com.pe/AttractionProductReview-g294314-d26821285-Peruvian_Cooking_Experience_Pisco_Tasting_in_Cusco-Cusco_Cusco_Region.html,14,61,4.5,13,0,0,0,1
Excursión al Valle Sagrado de los Incas – Servicio privado.,https://www.tripadvisor.com.pe/AttractionProductReview-g294314-d15040509-Excursion_to_Sacred_Valley_of_the_Incas_tour_Private_service-Cusco_Cusco_Region.html,34,37,5.0,31,2,1,0,0
Tour Privado de Día Completo a Machu Picchu,https://www.tripadvisor.com.pe/AttractionProductReview-g294314-d26777760-Full_Day_Private_Tour_of_Machu_Picchu-Cusco_Cusco_Region.html,45,154,5.0,45,0,0,0,0
South Valley Tour (medio día),https://www.tripadvisor.com.pe/AttractionProductReview-g294314-d19369100-South_Valley_Tour_Half_Day-Cusco_Cusco_Region.html,8,13,5.0,6,2,0,0,0
Tour Nocturno en Cusco Servicio Privado,https://www.tripadvisor.com.pe/AttractionProductReview-g294314-d15854036-Night_Tour_in_Cusco_Private_Service-Cusco_Cusco_Region.html,4,17,5.0,4,0,0,0,0
Inca Jungle Trek a Machu Picchu (4 días),https://www.tripadvisor.com.pe/AttractionProductReview-g294314-d19147284-Inca_Jungle_Trek_to_Machu_Picchu_4_Days-Cusco_Cusco_Region.html,97,135,5.0,97,0,0,0,0
ATV Morada de los Dioses y Laguna Piuray Desde Cusco,https://www.tripadvisor.com.pe/AttractionProductReview-g294314-d28104019-ATV_Abode_of_the_Gods_and_Piuray_Lagoon_From_Cusco-Cusco_Cusco_Region.html,10,19,5.0,10,0,0,0,0
Machu Picchu Full Day Tour,https://www.tripadvisor.com.pe/AttractionProductReview-g294314-d15097872-Machu_Picchu_Full_Day_Tour-Cusco_Cusco_Region.html,385,549,5.0,366,17,1,0,1
Ruta especial de senderismo de Salkantay a Machu Picchu de 5 días,https://www.tripadvisor.com.pe/AttractionProductReview-g294314-d13540107-Classic_Salkantay_Trek_4_Day-Cusco_Cusco_Region.html,294,506,5.0,293,1,0,0,0
Tour de senderismo de día completo al lago Humantay,https://www.tripadvisor.com.pe/AttractionProductReview-g294314-d23802109-Full_Day_Hiking_Tour_to_Lake_Humantay-Cusco_Cusco_Region.html,16,11,5.0,16,0,0,0,0
Ceremonia de San Pedro en Cusco,https://www.tripadvisor.com.pe/AttractionProductReview-g294314-d24422030-San_Pedro_Ceremony_in_Cusco-Cusco_Cusco_Region.html,25,62,5.0,25,0,0,0,0
"2 Días: Tour Privado Todo Incluido, Valle Sagrado Y Machu Picchu",https://www.tripadvisor.com.pe/AttractionProductReview-g294314-d16709459-2_Day_All_Inclusive_Sacred_Valley_And_Machu_Picchu_Private_Tour-Cusco_Cusco_Region.html,10,21,5.0,10,0,0,0,0
Laguna Humantay desde Cusco Full Day Tour,https://www.tripadvisor.com.pe/AttractionProductReview-g294314-d19907627-Humantay_lake_from_Cusco_Full_Day_Tour-Cusco_Cusco_Region.html,36,53,4.5,32,0,2,0,2
Tour a pie en la legendaria ciudad de Cusco,https://www.tripadvisor.com.pe/AttractionProductReview-g294314-d26804399-Walking_Tour_in_Legendary_Cusco_City-Cusco_Cusco_Region.html,4,9,5.0,4,0,0,0,0
"Cabalgata Plus Tour a Sacsayhuaman, Quenqo, Puka Pucara y Tambomachay",https://www.tripadvisor.com.pe/AttractionProductReview-g294314-d11461242-Horseback_Riding_Plus_Tour_to_Sacsayhuaman_Quenqo_Puka_Pucara_and_Tambomachay-Cusc.html,18,33,5.0,18,0,0,0,0
Montaña de Colores Vinicunca 1 Día,https://www.tripadvisor.com.pe/AttractionProductReview-g294314-d18749778-Rainbown_mountain_cusco_1_Day-Cusco_Cusco_Region.html,62,86,4.5,51,6,5,0,0
City tour Cusco - Full day,https://www.tripadvisor.com.pe/AttractionProductReview-g294314-d20320577-Cusco_city_tour_Full_day-Cusco_Cusco_Region.html,15,35,5.0,14,1,0,0,0
Camino Inca Corto de 2 días a Machu Picchu,https://www.tripadvisor.com.pe/AttractionProductReview-g294314-d19645345-2_Day_Short_Inca_Trail_to_Machu_Picchu-Cusco_Cusco_Region.html,36,93,5.0,35,0,1,0,0
Excursión de 1 día a Montaña del colores y Valle Rojo (Opcional),https://www.tripadvisor.com.pe/AttractionProductReview-g294314-d18935336-1_day_excursion_to_Color_Mountain_and_Red_Valley_Optional-Cusco_Cusco_Region.html,22,46,4.5,19,2,0,0,1
Tour PRIVADO Montaña de Colores Palccoyo,https://www.tripadvisor.com.pe/AttractionProductReview-g294314-d15040479-PRIVATE_Palccoyo_Rainbow_Mountain_tour-Cusco_Cusco_Region.html,58,28,5.0,58,0,0,0,0
Caminata Premium Salkantay de 5 días,https://www.tripadvisor.com.pe/AttractionProductReview-g294314-d26590277-5_Day_Premium_Salkantay_Trek-Cusco_Cusco_Region.html,639,"1,978",5.0,634,5,0,0,0
Palccoyo Montaña Arcoíris desde Cusco con traslados y almuerzo,https://www.tripadvisor.com.pe/AttractionProductReview-g294314-d17517596-Palccoyo_Rainbow_Mountain_from_Cusco_with_transfers_and_lunch-Cusco_Cusco_Region.html,10,27,5.0,8,2,0,0,0
Excursión de día completo a Machu Picchu desde Cuzco con almuerzo,https://www.tripadvisor.com.pe/AttractionProductReview-g294314-d15830091-Full_Day_Machu_Picchu_Tour_From_Cusco-Cusco_Cusco_Region.html,7,20,4.5,6,0,0,1,0
Caminata de 4 días en Salkantay,https://www.tripadvisor.com.pe/AttractionProductReview-g294314-d15854506-4_Day_Salkantay_Trek-Cusco_Cusco_Region.html,106,226,5.0,106,0,0,0,0
Traslado desde Cusco a Ollantaytambo,https://www.tripadvisor.com.pe/AttractionProductReview-g294314-d20118272-Transfer_from_Cusco_to_Ollantaytambo-Cusco_Cusco_Region.html,17,28,5.0,17,0,0,0,0
Visita de medio día a Cusco con Tambomachay incluido,https://www.tripadvisor.com.pe/AttractionProductReview-g294314-d11867490-Half_Day_City_Tour_of_Cusco_Including_Tambomachay-Cusco_Cusco_Region.html,21,15,4.0,14,3,1,1,2
Machu Picchu en Tren en un Día,https://www.tripadvisor.com.pe/AttractionProductReview-g294314-d18924356-Machu_Picchu_by_Train_in_One_Day-Cusco_Cusco_Region.html,18,50,4.0,12,1,0,2,3
Montaña de Colores Palccoyo 1 Día ( cusco ),https://www.tripadvisor.com.pe/AttractionProductReview-g294314-d19494562-Rainbow_Mountain_Palccoyo_1_day_Cusco-Cusco_Cusco_Region.html,17,51,4.5,15,1,0,0,1
Machu Picchu y el Valle Sagrado - 2 días (mejor hora de salida del tren),https://www.tripadvisor.com.pe/AttractionProductReview-g294314-d16822861-Machu_Picchu_and_the_Sacred_Valley_2_days_best_train_departure_time-Cusco_Cusco_Re.html,6,22,5.0,6,0,0,0,0
Tour de día completo a Machu Picchu desde Cusco (Grupos pequeños),https://www.tripadvisor.com.pe/AttractionProductReview-g294314-d23760986-Machu_Picchu_Full_Day_Tour_from_Cusco_Small_Groups-Cusco_Cusco_Region.html,32,135,5.0,31,1,0,0,0
City Tour Cusco,https://www.tripadvisor.com.pe/AttractionProductReview-g294314-d18925005-Cusco_City_Tour-Cusco_Cusco_Region.html,4,16,5.0,4,0,0,0,0
"Excursión de un día completo: Valle Sagrado, Centro Textil Chinchero, Maras, Moray y Ollantaytambo desde Cuzco",https://www.tripadvisor.com.pe/AttractionProductReview-g294314-d11991739-Full_Day_Sacred_valley_Alpaca_farm_Maras_Moray_and_Ollantaytambo-Cusco_Cusco_Regio.html,86,299,5.0,86,0,0,0,0
Camino Inca Corto a Machu Picchu - 2 Días,https://www.tripadvisor.com.pe/AttractionProductReview-g294314-d24013774-Short_Inca_Trail_to_Machu_Picchu_2_Days-Cusco_Cusco_Region.html,134,208,5.0,131,3,0,0,0
CUSCO CITY TOUR 2024 Tour de Medio Día en Cuzco,https://www.tripadvisor.com.pe/AttractionProductReview-g294314-d27693272-CUSCO_CITY_TOUR_2024_Half_Day_Tour_in_Cuzco-Cusco_Cusco_Region.html,7,14,5.0,7,0,0,0,0
Machu Picchu Tour de día completo con guía privado,https://www.tripadvisor.com.pe/AttractionProductReview-g294314-d25058124-Machu_Picchu_Full_Day_Tour_with_a_private_guide-Cusco_Cusco_Region.html,8,44,5.0,8,0,0,0,0
rainbow mountain full day,https://www.tripadvisor.com.pe/AttractionProductReview-g294314-d17446666-Rainbow_mountain_full_day-Cusco_Cusco_Region.html,37,19,5.0,36,1,0,0,0
Caminata de 2 días por el Camino Inca a Machu Picchu,https://www.tripadvisor.com.pe/AttractionProductReview-g294314-d11471145-2_Day_Inca_Trail_to_Machu_Picchu-Cusco_Cusco_Region.html,195,323,5.0,188,5,1,1,0
El Cañón del Cóndor en Chonta 1 día - Servicio privado,https://www.tripadvisor.com.pe/AttractionProductReview-g294314-d19831215-The_Condor_Canyon_in_Chonta_1_Day_Private_Service-Cusco_Cusco_Region.html,2,14,5.0,2,0,0,0,0
Recorrido fotográfico de un día en Cuzco,https://www.tripadvisor.com.pe/AttractionProductReview-g294314-d13921160-Cusco_Photo_Day_Tour-Cusco_Cusco_Region.html,25,39,5.0,25,0,0,0,0
Excursión de un día a Machu Picchu desde el Valle Sagrado,https://www.tripadvisor.com.pe/AttractionProductReview-g294319-d19592474-Machu_Picchu_Day_Trip_from_Sacred_Valley-Ollantaytambo_Sacred_Valley_Cusco_Region.html,1,16,5.0,1,0,0,0,0
Clase de cocina peruana en Cuzco,https://www.tripadvisor.com.pe/AttractionProductReview-g294314-d28500773-Peruvian_Cooking_Class_in_Cuzco-Cusco_Cusco_Region.html,No disponible,11,No disponible,0,0,0,0,0
Tour de Exploración de 7 Días desde Cusco a Lima,https://www.tripadvisor.com.pe/AttractionProductReview-g294314-d26849895-7_Day_Exploration_Tour_from_Cusco_to_Lima-Cusco_Cusco_Region.html,42,185,5.0,40,2,0,0,0
Tour al Valle Sagrado con las más bellas vistas,https://www.tripadvisor.com.pe/AttractionProductReview-g294314-d20293121-Sacred_Valley_tour_with_the_most_beautiful_views-Cusco_Cusco_Region.html,7,42,5.0,7,0,0,0,0
Laguna Humantay en Grupo - Día Completo,https://www.tripadvisor.com.pe/AttractionProductReview-g294314-d15655401-Humantay_Lake_in_Group_Full_Day-Cusco_Cusco_Region.html,2,15,5.0,2,0,0,0,0
Excursión de medio día a las terrazas de Moray y las piscinas de sal de Maras desde Cuzco,https://www.tripadvisor.com.pe/AttractionProductReview-g294314-d12567148-Moray_Terraces_and_Maras_Salt_Pools_Half_Day_Tour_from_Cusco-Cusco_Cusco_Region.html,4,11,5.0,4,0,0,0,0
Tour de 2 Días a Machu Picchu y Montaña de Colores Cusco,https://www.tripadvisor.com.pe/AttractionProductReview-g294314-d19148087-2_Day_Tour_to_Machu_Picchu_and_Rainbow_Mountain_Cusco-Cusco_Cusco_Region.html,1,9,5.0,1,0,0,0,0
Humantay lago treck 1 día,https://www.tripadvisor.com.pe/AttractionProductReview-g294314-d15525005-Humantay_lake_treck_1_day-Cusco_Cusco_Region.html,9,12,5.0,9,0,0,0,0
2 Días 1 Noche en Machu Picchu con Tren Turístico y Entrada,https://www.tripadvisor.com.pe/AttractionProductReview-g294314-d28499694-2_Days_1_Night_in_Machu_Picchu_with_Tourist_Train_and_Entrance-Cusco_Cusco_Region.html,1,11,5.0,1,0,0,0,0
Guía Turístico Privado en Machupicchu desde Aguas Calientes.,https://www.tripadvisor.com.pe/AttractionProductReview-g294314-d20369809-Private_Tour_Guide_in_Machupicchu_from_Aguas_Calientes-Cusco_Cusco_Region.html,24,41,5.0,23,1,0,0,0
Tour al Valle Sur desde Cusco (medio día),https://www.tripadvisor.com.pe/AttractionProductReview-g294314-d19405820-South_Valley_Tour_from_Cusco_Half_Day-Cusco_Cusco_Region.html,4,17,5.0,3,1,0,0,0
Excursión a MachuPicchu con Tren Vistadome || Día completo ||,https://www.tripadvisor.com.pe/AttractionProductReview-g294314-d19278351-Excursion_to_MachuPicchu_with_Train_Vistadome_Full_Day-Cusco_Cusco_Region.html,27,44,5.0,25,0,1,0,1
Tour de 4-Dias en Cusco Valle Sagrado Machu Picchu,https://www.tripadvisor.com.pe/AttractionProductReview-g294314-d25029674-4_Day_Tour_in_Cusco_Sacred_Valley_Machu_Picchu-Cusco_Cusco_Region.html,17,23,5.0,17,0,0,0,0
Recogida y traslado al aeropuerto de Cusco.,https://www.tripadvisor.com.pe/AttractionProductReview-g294314-d17799616-Cusco_Airport_Pickup_and_Transfer-Cusco_Cusco_Region.html,1,4,5.0,1,0,0,0,0
Valle Sagrado Full Day con almuerzo buffet - Tour grupal,https://www.tripadvisor.com.pe/AttractionProductReview-g294314-d15054850-Sacred_Valley_Full_Day_with_Buffet_Lunch_Group_Tour-Cusco_Cusco_Region.html,31,29,5.0,27,2,2,0,0
Tour a la LAGUNA HUMANTAY desde CUSCO,https://www.tripadvisor.com.pe/AttractionProductReview-g294314-d27725968-Tour_to_the_HUMANTAY_LAGOON_from_CUSCO-Cusco_Cusco_Region.html,14,13,5.0,14,0,0,0,0
Montaña Vinicunca - Montaña 7 Colores Cusco,https://www.tripadvisor.com.pe/AttractionProductReview-g294314-d26638646-Vinicunca_Mountain_Mountain_7_Colors_Cusco-Cusco_Cusco_Region.html,127,178,5.0,127,0,0,0,0
"Oferta Especial Lago Humantay, Cusco 2021",https://www.tripadvisor.com.pe/AttractionProductReview-g294314-d19774052-Humantay_Lake_Cusco_Special_Offer_2021-Cusco_Cusco_Region.html,3,16,5.0,3,0,0,0,0
City Tour en Cusco Medio Día,https://www.tripadvisor.com.pe/AttractionProductReview-g294314-d19914682-City_Tour_in_Cusco_Half_Day-Cusco_Cusco_Region.html,17,42,5.0,16,0,0,0,1
Tour Privado de Día completo en Machu Picchu,https://www.tripadvisor.com.pe/AttractionProductReview-g294314-d27499599-Private_Full_Day_Tour_in_Machu_Picchu-Cusco_Cusco_Region.html,30,96,5.0,30,0,0,0,0
Recorrido en todoterreno por New Lakes (Cuatrimotos),https://www.tripadvisor.com.pe/AttractionProductReview-g294314-d15241015-ATV_Cuatrimotos_Huaypo_lake_salt_mines_and_zipline_half_day_tour-Cusco_Cusco_Regio.html,7,26,5.0,6,1,0,0,0
Super Valle Sagrado en grupo - Día completo,https://www.tripadvisor.com.pe/AttractionProductReview-g294314-d17447526-Super_Sacred_Valley_in_group_Full_day-Cusco_Cusco_Region.html,8,11,4.5,6,0,1,0,1
Camino Inca Machu Picchu 4 Días,https://www.tripadvisor.com.pe/AttractionProductReview-g294318-d26448780-Inca_Trail_Machu_Picchu_4_Days-Machu_Picchu_Sacred_Valley_Cusco_Region.html,24,51,5.0,23,1,0,0,0
Tour Machu Picchu Día Completo en Tren Observatorio Vistadome,https://www.tripadvisor.com.pe/AttractionProductReview-g294314-d27159755-Machu_Picchu_Tour_Full_Day_by_Vistadome_Observatory_Train-Cusco_Cusco_Region.html,9,30,5.0,9,0,0,0,0
Excursión de un día a la Montaña Arco Iris desde Cuzco,https://www.tripadvisor.com.pe/AttractionProductReview-g294314-d27523473-Rainbow_Mountain_Day_Trip_from_Cusco-Cusco_Cusco_Region.html,13,25,5.0,12,1,0,0,0
City Tour Cusco,https://www.tripadvisor.com.pe/AttractionProductReview-g294314-d27742663-City_Tour_Cusco-Cusco_Cusco_Region.html,47,96,5.0,46,1,0,0,0
Rainbow Mountain (Excursión de un día),https://www.tripadvisor.com.pe/AttractionProductReview-g294314-d17772269-Rainbow_Mountain_Day_Trip-Cusco_Cusco_Region.html,14,20,5.0,14,0,0,0,0
Caminata de día completo a Waqra Pukara,https://www.tripadvisor.com.pe/AttractionProductReview-g294314-d15186640-Waqra_Pukara_Full_Day_Hike-Cusco_Cusco_Region.html,17,10,5.0,17,0,0,0,0
Moray y Salinera de Maras Medio Día,https://www.tripadvisor.com.pe/AttractionProductReview-g294314-d18974079-Moray_and_Maras_salt_mines_half_day-Cusco_Cusco_Region.html,1,14,5.0,1,0,0,0,0
Viaje a la Montaña Arcoíris,https://www.tripadvisor.com.pe/AttractionProductReview-g294314-d13275461-Travel_to_Rainbow_Mountain_Ausangate_cusco-Cusco_Cusco_Region.html,5,8,5.0,5,0,0,0,0
Escalada en roca día completo,https://www.tripadvisor.com.pe/AttractionProductReview-g294314-d17988587-Rock_Climbing_full_day-Cusco_Cusco_Region.html,39,36,5.0,39,0,0,0,0
Tour de Día Completo en Cuatrimoto por Montana 7 Colores Cusco,https://www.tripadvisor.com.pe/AttractionProductReview-g294314-d25225733-Full_Day_Tour_in_ATV_by_Montana_7_Colores_Cusco-Cusco_Cusco_Region.html,9,44,5.0,9,0,0,0,0
Día 4 - Camino Inca a Machu Picchu - Servicio de Grupo,https://www.tripadvisor.com.pe/AttractionProductReview-g294314-d11458703-4_Day_Inca_Trail_to_Machu_Picchu_Group_Service-Cusco_Cusco_Region.html,338,642,5.0,333,4,0,1,0
Tour 7 Lagunas Ausangate,https://www.tripadvisor.com.pe/AttractionProductReview-g294314-d19446179-Tour_7_Ausangate_Lagoons-Cusco_Cusco_Region.html,4,23,4.0,2,1,0,1,0
Laguna Humantay (Excursión de un día),https://www.tripadvisor.com.pe/AttractionProductReview-g294314-d17686562-Laguna_Humantay_Day_Trip-Cusco_Cusco_Region.html,4,14,5.0,4,0,0,0,0
Salkantay Trek Llactapata 5 días 4 noches Sky Domes,https://www.tripadvisor.com.pe/AttractionProductReview-g294314-d25176559-Salkantay_Trek_Llactapata_5_days_4_nights_Sky_Domes-Cusco_Cusco_Region.html,22,30,5.0,20,2,0,0,0
Valle Sagrado de los Incas (Excursión de un día),https://www.tripadvisor.com.pe/AttractionProductReview-g294314-d19403073-Sacred_Valley_of_Incas_Day_Trip-Cusco_Cusco_Region.html,20,9,5.0,20,0,0,0,0
ATVs en Salineras de Maras y Moray | Medio día |,https://www.tripadvisor.com.pe/AttractionProductReview-g294314-d20979062-ATVs_in_Salineras_de_Maras_and_Moray_Half_day-Cusco_Cusco_Region.html,10,33,5.0,10,0,0,0,0
Cusco City Tour - Medio día,https://www.tripadvisor.com.pe/AttractionProductReview-g294314-d13544828-Cusco_City_Tour_Half_day-Cusco_Cusco_Region.html,33,48,5.0,33,0,0,0,0
Cusco: Pub Crawl exclusivo con más de 10 beneficios,https://www.tripadvisor.com.pe/AttractionProductReview-g294314-d27119725-Cusco_Exclusive_Pub_Crawl_with_more_than_10_Benefits-Cusco_Cusco_Region.html,4,18,5.0,4,0,0,0,0
Coche y Conductor al Valle Sagrado de Cusco (transporte privado para su familia),https://www.tripadvisor.com.pe/AttractionProductReview-g294314-d17447377-Car_and_Driver_to_the_sacred_Valley_of_Cusco_Private_transport_for_your_family-Cus.html,3,18,4.5,2,0,1,0,0
Visita el Valle Sagrado de los Incas en 1 Dia,https://www.tripadvisor.com.pe/AttractionProductReview-g294314-d17617115-Visit_the_Sacred_Valley_of_the_Incas_in_1_Day-Cusco_Cusco_Region.html,4,21,5.0,4,0,0,0,0
Ofrenda Ceremonial a la Madre Tierra (Pachamama) - Sesión de Zoom Privada en Línea,https://www.tripadvisor.com.pe/AttractionProductReview-g294314-d21062176-Ceremonial_Offering_to_Mother_Earth_Pachamama_Private_Online_Zoom_Session-Cusco_Cu.html,1,6,5.0,1,0,0,0,0
06 Día Joyas Andinas del Cusco - Grupos pequeños,https://www.tripadvisor.com.pe/AttractionProductReview-g294314-d19422895-06_Day_Andean_Jewels_of_Cusco_Small_Groups-Cusco_Cusco_Region.html,356,784,5.0,352,4,0,0,0
Excursión de un día a Machu Pichu desde Cusco con Perú Vip,https://www.tripadvisor.com.pe/AttractionProductReview-g294314-d17429695-Machu_Pichu_day_trip_from_Cusco_with_Peru_Vip-Cusco_Cusco_Region.html,134,169,5.0,133,0,1,0,0
Desde Cusco: Valle Sagrado y Salineras de Moray,https://www.tripadvisor.com.pe/AttractionProductReview-g294314-d25176362-From_Cusco_Sacred_valley_and_Moray_salt_Mines-Cusco_Cusco_Region.html,9,43,5.0,9,0,0,0,0
Tour Montaña Arcoiris Cusco - Día Completo,https://www.tripadvisor.com.pe/AttractionProductReview-g294314-d17682723-Rainbow_Mountain_Cusco_Tour_Full_Day-Cusco_Cusco_Region.html,19,48,5.0,19,0,0,0,0
Camino Inca privado a Machu Picchu 4 días,https://www.tripadvisor.com.pe/AttractionProductReview-g294314-d13571414-Private_Inca_Trail_to_Machu_Picchu_4_Days-Cusco_Cusco_Region.html,128,249,5.0,126,2,0,0,0
Exclusivo de Rainbow Mountain,https://www.tripadvisor.com.pe/AttractionProductReview-g294314-d15525006-Rainbow_Mountain_exclusive-Cusco_Cusco_Region.html,9,13,4.5,8,0,0,0,1
Caminata desde Lares hasta Machu Picchu con baños termales 4D/3N,https://www.tripadvisor.com.pe/AttractionProductReview-g294314-d11459783-Lares_Trek_to_Machu_Picchu_4D_3N_Including_Hot_Springs-Cusco_Cusco_Region.html,422,689,5.0,417,5,0,0,0
Lares Trek to Machu Picchu 4 days with Panoramic Train,https://www.tripadvisor.com.pe/AttractionProductReview-g294314-d13819153-Lares_Trek_to_Machu_Picchu_4_days_with_Panoramic_Train-Cusco_Cusco_Region.html,199,322,5.0,195,4,0,0,0
2 días Valle Sagrado Machu Picchu hotel 4 estrellas y tren Vistadome,https://www.tripadvisor.com.pe/AttractionProductReview-g294314-d17446830-2_Day_Sacred_Valley_Machu_Picchu_4star_hotel_Vistadome_train-Cusco_Cusco_Region.html,90,119,5.0,89,1,0,0,0
Tour a la Montaña de Colores Vinincunca + valle rojo Desde Cusco,https://www.tripadvisor.com.pe/AttractionProductReview-g294314-d27726122-Tour_to_the_Vinincunca_Rainbow_Mountain_Red_Valley_from_Cusco-Cusco_Cusco_Region.html,12,23,5.0,12,0,0,0,0
Tour de día completo al Valle Sagrado - todo incluido,https://www.tripadvisor.com.pe/AttractionProductReview-g294314-d15054749-Sacred_Valley_full_Day_Tour_all_inclusive-Cusco_Cusco_Region.html,93,107,5.0,91,2,0,0,0
Visita guiada privada de 4 días a Machu Picchu Cusco y el Valle Sagrado,https://www.tripadvisor.com.pe/AttractionProductReview-g294314-d12943383-4_Day_Machu_Picchu_Cusco_and_the_Sacred_Valley_Private_Guided_Tour-Cusco_Cusco_Reg.html,94,195,5.0,94,0,0,0,0
Tour de día completo a Machu Picchu,https://www.tripadvisor.com.pe/AttractionProductReview-g294314-d26804406-Machu_Picchu_Full_Day_Tour-Cusco_Cusco_Region.html,111,264,5.0,110,1,0,0,0
Camino Inca clásico a Machu Picchu: 4 días de senderismo,https://www.tripadvisor.com.pe/AttractionProductReview-g294314-d11445973-4_Day_Inca_Trail_Tours_to_Machu_Picchu-Cusco_Cusco_Region.html,142,216,5.0,139,2,0,0,1
Camino Inca Clásico A Machu Picchu 4 Días Y 3 Noches,https://www.tripadvisor.com.pe/AttractionProductReview-g294314-d15552191-Classic_Inca_Trail_To_Machu_Picchu_4_Days_And_3_Nights-Cusco_Cusco_Region.html,81,118,5.0,80,1,0,0,0
Ancascocha Trek a Machu Picchu 4 días y 3 noches,https://www.tripadvisor.com.pe/AttractionProductReview-g294314-d15126083-Ancascocha_Trek_To_Machu_Picchu_4_Days_And_3_Nights-Cusco_Cusco_Region.html,71,142,5.0,70,1,0,0,0
Camino Inca Corto a Machu Picchu - 2 días - Servicio de Glamping,https://www.tripadvisor.com.pe/AttractionProductReview-g294314-d15340012-Short_Inca_Trail_to_Machu_Picchu_2_days_Glamping_Service-Cusco_Cusco_Region.html,95,169,5.0,93,2,0,0,0
Caminata Ausangate 5 Días,https://www.tripadvisor.com.pe/AttractionProductReview-g294314-d17590904-Ausangate_Trek_5_Days-Cusco_Cusco_Region.html,63,85,5.0,63,0,0,0,0
Camino Inca Privado a Machu Picchu 1 Día,https://www.tripadvisor.com.pe/AttractionProductReview-g294314-d21033207-Private_Inca_Trail_to_Machu_Picchu_1_Day-Cusco_Cusco_Region.html,77,123,5.0,77,0,0,0,0
Excursión de 4 días en la selva inca a Machu Picchu con todo incluido,https://www.tripadvisor.com.pe/AttractionProductReview-g294314-d13541804-Inca_Jungle_Trek_to_Machu_Picchu_4D-Cusco_Cusco_Region.html,77,125,5.0,76,1,0,0,0
Excursión de 6 días: Cuzco - Machu Picchu - Lago Humantay - Montaña Arcoíris,https://www.tripadvisor.com.pe/AttractionProductReview-g294314-d16731909-06_Day_Cusco_Machu_Picchu_Humantay_Lake_Rainbow_Mountain-Cusco_Cusco_Region.html,83,160,5.0,81,2,0,0,0
"Recorrido de día completo por Moray, Salinas de Maras y el Valle Sagrado desde Cuzco",https://www.tripadvisor.com.pe/AttractionProductReview-g294314-d12030120-Full_Day_Tour_of_Moray_Salinas_de_Maras_and_The_Sacred_Valley_from_Cusco-Cusco_Cus.html,84,102,5.0,80,4,0,0,0
Inca Trail 4 Days hike to Machu Picchu,https://www.tripadvisor.com.pe/AttractionProductReview-g294314-d17419597-Inca_Trail_4_Days_hike_to_Machu_Picchu-Cusco_Cusco_Region.html,61,63,5.0,61,0,0,0,0
Camino Inca de Lujo a Machu Picchu 4 días,https://www.tripadvisor.com.pe/AttractionProductReview-g294314-d26269646-Luxury_Inca_Trail_to_Machu_Picchu_4_days-Cusco_Cusco_Region.html,63,146,5.0,63,0,0,0,0
Excursión cultural de 6 días a Machu Picchu,https://www.tripadvisor.com.pe/AttractionProductReview-g294314-d11456150-6_Day_Cultural_Tour_to_Machu_Picchu-Cusco_Cusco_Region.html,67,118,5.0,66,1,0,0,0
Camino Inca Clásico de 4 días a Machu Picchu,https://www.tripadvisor.com.pe/AttractionProductReview-g294314-d17405614-4_Day_Classic_Inca_Trail_to_Machu_Picchu-Cusco_Cusco_Region.html,212,380,5.0,200,7,2,0,3
"Aventura de 4 días en la jungla hasta Machu Picchu: ciclismo, tirolina, rafting y senderismo",https://www.tripadvisor.com.pe/AttractionProductReview-g294314-d11446090-4_Day_Jungle_Adventure_to_Machu_Picchu_Biking_Ziplining_Rafting_and_Hiking-Cusco_C.html,75,81,5.0,73,2,0,0,0
Reto Salkantay Trek de 3 días,https://www.tripadvisor.com.pe/AttractionProductReview-g294314-d24042425-3_Day_Salkantay_Trek_Challenge-Cusco_Cusco_Region.html,69,48,5.0,67,2,0,0,0
Machupicchu Full Day En Servicio Privado,https://www.tripadvisor.com.pe/AttractionProductReview-g294314-d19009583-Machupicchu_Full_Day_In_Private_Service-Cusco_Cusco_Region.html,60,125,5.0,60,0,0,0,0
Salkantay Trek 5 días a Machu Picchu por Glamping Sky Lodge Dome,https://www.tripadvisor.com.pe/AttractionProductReview-g294314-d17714600-Salkantay_Trek_5_days_to_Machu_Picchu_by_Glamping_Sky_Lodge_Dome-Cusco_Cusco_Regio.html,115,199,5.0,111,2,0,1,1
Tour Guiado en El Valle Sagrado de los Incas - Cusco,https://www.tripadvisor.com.pe/AttractionProductReview-g294314-d27656669-Guided_Tour_in_the_Sacred_Valley_of_the_Incas_Cusco-Cusco_Cusco_Region.html,68,124,5.0,67,0,1,0,0
Tour Valle Sagrado de los Incas con Moray y las Minas de Sal,https://www.tripadvisor.com.pe/AttractionProductReview-g294314-d23751035-Sacred_Valley_of_the_Incas_Tour_with_Moray_the_Salt_Mines-Cusco_Cusco_Region.html,71,77,5.0,69,2,0,0,0
Choquequirao Trek 4 días y 3 noches,https://www.tripadvisor.com.pe/AttractionProductReview-g294314-d19499538-Choquequirao_Trek_4_days_and_3_nights-Cusco_Cusco_Region.html,58,129,5.0,58,0,0,0,0
Camino Inca de 4 días a Machu Picchu - Servicio privado,https://www.tripadvisor.com.pe/AttractionProductReview-g294314-d12912634-4_Day_Inca_Trail_To_Machu_Picchu_Private_Service-Cusco_Cusco_Region.html,66,178,5.0,65,1,0,0,0
Excursión a Machu Picchu de 2 días,https://www.tripadvisor.com.pe/AttractionProductReview-g294314-d12468393-2_Day_Machu_Picchu_Small_Group_Tour_from_Cusco-Cusco_Cusco_Region.html,82,77,5.0,81,0,0,0,1
Tour Guiado de Día Completo a Machu Picchu Transporte Incluido,https://www.tripadvisor.com.pe/AttractionProductReview-g294314-d27513465-Full_Day_Guided_Tour_to_Machu_Picchu_Transportation_Included-Cusco_Cusco_Region.html,143,170,5.0,136,4,1,0,2
Excursión Privada De Un Día a las 7 Lagunas de Ausangate,https://www.tripadvisor.com.pe/AttractionProductReview-g294314-d25209856-Private_Full_Day_Tour_to_Ausangate_7_Lakes-Cusco_Cusco_Region.html,54,107,5.0,54,0,0,0,0
Camino Inca de 4 días a Machu Picchu Tour de varios días,https://www.tripadvisor.com.pe/AttractionProductReview-g294314-d26225170-4_Day_Inca_Trail_Trek_to_Machu_Picchu_Multi_day_tour-Cusco_Cusco_Region.html,58,87,5.0,58,0,0,0,0
Día completo en la montaña Arcoíris y el Valle Rojo,https://www.tripadvisor.com.pe/AttractionProductReview-g294314-d13819154-Rainbow_Mountain_Red_Valley_Premium_Tour_with_picnic-Cusco_Cusco_Region.html,64,115,5.0,63,1,0,0,0
Cusco Valle Sagrado y Machupicchu 4 Días,https://www.tripadvisor.com.pe/AttractionProductReview-g294314-d13147277-Cusco_Sacred_Valley_and_Machupicchu_4_Days-Cusco_Cusco_Region.html,57,46,5.0,57,0,0,0,0
Experimente Machu Picchu de manera sostenible en un tour privado desde Cusco,https://www.tripadvisor.com.pe/AttractionProductReview-g294314-d23335067-Experience_Machu_Picchu_sustainably_on_a_private_tour_from_Cusco-Cusco_Cusco_Regio.html,55,181,5.0,55,0,0,0,0
Rainbow Mountain Tour,https://www.tripadvisor.com.pe/AttractionProductReview-g294314-d19058885-Rainbow_Mountain_Tour-Cusco_Cusco_Region.html,54,59,5.0,54,0,0,0,0
Recorrido de un día completo a la Montaña Arcoíris desde Cusco,https://www.tripadvisor.com.pe/AttractionProductReview-g294314-d11990051-Rainbow_Mountain_Full_Day_Tour_from_Cusco_with_Small_Group-Cusco_Cusco_Region.html,70,45,5.0,67,3,0,0,0
Tour de día completo al Valle Sagrado,https://www.tripadvisor.com.pe/AttractionProductReview-g294314-d26804808-Sacred_Valley_Full_Day_Tour-Cusco_Cusco_Region.html,75,168,5.0,71,4,0,0,0
